INSERT INTO BANK_ACCOUNT VALUES('3454448611', '6028799164');
INSERT INTO ELEC_ADDRESS VALUES('736089102','1');
INSERT INTO USER_ACCOUNT VALUES('280763837', 'Jason Brown', '736089102', 7264.17, '3454448611', '6028799164', '1');
INSERT INTO BANK_ACCOUNT VALUES('7449107205', '2847821431');
INSERT INTO ELEC_ADDRESS VALUES('643317856','1');
INSERT INTO USER_ACCOUNT VALUES('306657409', 'Jacob Stein', '643317856', 2029.6, '7449107205', '2847821431', '1');
INSERT INTO BANK_ACCOUNT VALUES('9775238978', '1068783780');
INSERT INTO ELEC_ADDRESS VALUES('271180342','1');
INSERT INTO USER_ACCOUNT VALUES('387092891', 'Cody Brown', '271180342', 6834.01, '9775238978', '1068783780', '1');
INSERT INTO BANK_ACCOUNT VALUES('6190568944', '8634995584');
INSERT INTO ELEC_ADDRESS VALUES('698672656','1');
INSERT INTO USER_ACCOUNT VALUES('226775471', 'Larry Morales', '698672656', 7345.29, '6190568944', '8634995584', '1');
INSERT INTO BANK_ACCOUNT VALUES('4972123252', '7164658717');
INSERT INTO ELEC_ADDRESS VALUES('780828637','1');
INSERT INTO USER_ACCOUNT VALUES('213994198', 'Jessica Hendricks', '780828637', 6471.33, '4972123252', '7164658717', '1');
INSERT INTO BANK_ACCOUNT VALUES('8972073567', '2639931777');
INSERT INTO ELEC_ADDRESS VALUES('246529603','1');
INSERT INTO USER_ACCOUNT VALUES('723744809', 'Brian Moore', '246529603', 3761.95, '8972073567', '2639931777', '1');
INSERT INTO BANK_ACCOUNT VALUES('6593480108', '3074252913');
INSERT INTO ELEC_ADDRESS VALUES('271297785','1');
INSERT INTO USER_ACCOUNT VALUES('780581436', 'Scott Baker', '271297785', 2303.26, '6593480108', '3074252913', '1');
INSERT INTO BANK_ACCOUNT VALUES('3855819623', '7982951261');
INSERT INTO ELEC_ADDRESS VALUES('953327830','1');
INSERT INTO USER_ACCOUNT VALUES('914549983', 'Ruth Hoffman', '953327830', 4272.0, '3855819623', '7982951261', '1');
INSERT INTO BANK_ACCOUNT VALUES('9062080839', '6496855555');
INSERT INTO ELEC_ADDRESS VALUES('660808663','1');
INSERT INTO USER_ACCOUNT VALUES('238304718', 'Daniel George', '660808663', 4841.09, '9062080839', '6496855555', '1');
INSERT INTO BANK_ACCOUNT VALUES('2052550211', '7245083528');
INSERT INTO ELEC_ADDRESS VALUES('369167440','1');
INSERT INTO USER_ACCOUNT VALUES('871243865', 'David Moody', '369167440', 1094.34, '2052550211', '7245083528', '1');
